<?xml version="1.0" encoding="utf-8" standalone="no"?>
<GUI name="terraFarmMain">
    <GuiElement type="empty" profile="uiInGameMenuFrame">
        <!-- Static page header -->
        <GuiElement type="empty" profile="ingameMenuFrameHeaderPanel">
            <GuiElement type="bitmap" profile="ingameMenuGeneralSettingsHeaderIcon" />
            <GuiElement type="text" profile="ingameMenuFrameHeaderText" text="TerraFarm settings" />
        </GuiElement>

        <!-- Layout content box -->
        <GuiElement type="empty" profile="ingameMenuSettingsBox" id="settingsContainer">
            <GuiElement type="bitmap" profile="topScrollClipper" name="topClipper" />
            <GuiElement type="bitmap" profile="bottomScrollClipper" name="bottomClipper" />

            <GuiElement type="scrollingLayout" profile="ingameMenuSettingsLayout" id="boxLayout" topClipperElementName="topClipper" bottomClipperElementName="bottomClipper">
                <GuiElement type="text" profile="settingsMenuSubtitle" text=" " />

                <GuiElement type="checkedOption" profile="multiTextOptionSettings" onClick="onGlobalCheckClick" id="enableGlobal">
                    <GuiElement type="button" profile="multiTextOptionSettingsLeft" />
                    <GuiElement type="button" profile="multiTextOptionSettingsRight" />
                    <GuiElement type="text" profile="multiTextOptionSettingsText" />
                    <GuiElement type="text" profile="multiTextOptionSettingsTitle" text="Enable TerraFarm" />
                    <GuiElement type="bitmap" profile="multiTextOptionSettingsBg" />
                    <GuiElement type="text" profile="multiTextOptionSettingsTooltip" text="Global state for all TerraFarm machines" />
                </GuiElement>

                <GuiElement type="checkedOption" profile="multiTextOptionSettings" onClick="onDebugCheckClick" id="enableDebug">
                    <GuiElement type="button" profile="multiTextOptionSettingsLeft" />
                    <GuiElement type="button" profile="multiTextOptionSettingsRight" />
                    <GuiElement type="text" profile="multiTextOptionSettingsText" />
                    <GuiElement type="text" profile="multiTextOptionSettingsTitle" text="Debug mode" />
                    <GuiElement type="bitmap" profile="multiTextOptionSettingsBg" />
                    <GuiElement type="text" profile="multiTextOptionSettingsTooltip" text="" />
                </GuiElement>

                <GuiElement type="checkedOption" profile="multiTextOptionSettings" onClick="onDisableDischargeCheckClick" id="disableDischarge">
                    <GuiElement type="button" profile="multiTextOptionSettingsLeft" />
                    <GuiElement type="button" profile="multiTextOptionSettingsRight" />
                    <GuiElement type="text" profile="multiTextOptionSettingsText" />
                    <GuiElement type="text" profile="multiTextOptionSettingsTitle" text="Disable discharge" />
                    <GuiElement type="bitmap" profile="multiTextOptionSettingsBg" />
                    <GuiElement type="text" profile="multiTextOptionSettingsTooltip" text="Disable discharge to terrain when TerraFarm machine is used" />
                </GuiElement>

                <GuiElement type="text" profile="multiTextOptionSettingsTooltip" text="(Discharge to objects such as trailers will still work)" />
                
                <GuiElement type="text" profile="settingsMenuSubtitle" text=" " />

                <GuiElement type="multiTextOption" profile="multiTextOptionSettings" onClick="onClickFillType" onCreate="onCreateFillType" id="fillType" >
                    <GuiElement type="button" profile="multiTextOptionSettingsLeft" />
                    <GuiElement type="button" profile="multiTextOptionSettingsRight"/>
                    <GuiElement type="text"   profile="multiTextOptionSettingsText" />
                    <GuiElement type="text"   profile="multiTextOptionSettingsTitle" text="Fill type"/>
                    <GuiElement type="bitmap" profile="multiTextOptionSettingsBg" />
                    <GuiElement type="text"   profile="multiTextOptionSettingsTooltip" text="Set fill type for TerrFarm machines" />
                </GuiElement>

                <GuiElement type="text" profile="settingsMenuSubtitle" text=" " />

                <GuiElement type="checkedOption" profile="multiTextOptionSettings" onClick="onDisablePaintCheckClick" id="disablePaint">
                    <GuiElement type="button" profile="multiTextOptionSettingsLeft" />
                    <GuiElement type="button" profile="multiTextOptionSettingsRight" />
                    <GuiElement type="text" profile="multiTextOptionSettingsText" />
                    <GuiElement type="text" profile="multiTextOptionSettingsTitle" text="Disable terrain paint" />
                    <GuiElement type="bitmap" profile="multiTextOptionSettingsBg" />
                    <GuiElement type="text" profile="multiTextOptionSettingsTooltip" text="Disable painting terrain when terraforming" />
                </GuiElement>

                <GuiElement type="text" profile="settingsMenuSubtitle" text=" " />

                <GuiElement type="multiTextOption" profile="multiTextOptionSettings" onClick="onClickPaintLayer" onCreate="onCreatePaintLayer" id="paintLayer" >
                    <GuiElement type="button" profile="multiTextOptionSettingsLeft" />
                    <GuiElement type="button" profile="multiTextOptionSettingsRight"/>
                    <GuiElement type="text"   profile="multiTextOptionSettingsText" />
                    <GuiElement type="text"   profile="multiTextOptionSettingsTitle" text="Paint layer"/>
                    <GuiElement type="bitmap" profile="multiTextOptionSettingsBg" />
                    <GuiElement type="text"   profile="multiTextOptionSettingsTooltip" text="Set paint layer for TerrFarm machines" />
                </GuiElement>

                <GuiElement type="multiTextOption" profile="multiTextOptionSettings" onClick="onClickDischargePaintLayer" onCreate="onCreateDischargePaintLayer" id="dischargePaintLayer" >
                    <GuiElement type="button" profile="multiTextOptionSettingsLeft" />
                    <GuiElement type="button" profile="multiTextOptionSettingsRight"/>
                    <GuiElement type="text"   profile="multiTextOptionSettingsText" />
                    <GuiElement type="text"   profile="multiTextOptionSettingsTitle" text="Discharge paint layer"/>
                    <GuiElement type="bitmap" profile="multiTextOptionSettingsBg" />
                    <GuiElement type="text"   profile="multiTextOptionSettingsTooltip" text="Set discharge paint layer for TerrFarm machines" />
                </GuiElement>
            </GuiElement>
        </GuiElement>
    </GuiElement>
</GUI>