<?xml version="1.0" encoding="utf-8" standalone="no"?>
<configuration>
    <i3d rootNodePath="0>1" x="0.365" y="-0.215" z="1.84">
        <terraformNodes x="0" y="0" z="0.195">
            <node x="-2.3" y="0" z="0" />
            <node x="-0.7" y="0" z="0.32" />
            <node x="0.7" y="0" z="0.32" />
            <node x="2.3" y="0" z="0" />
        </terraformNodes>
        <collisionNodes x="0" y="0" z="0.12">
        <node x="-2.3" y="-0.16" z="0" />
        <node x="-2.3" y="-0.16" z="-1.4" />
        <node x="2.3" y="-0.16" z="0" />
        <node x="2.3" y="-0.16" z="-1.4" />
        </collisionNodes>
        <paintNodes>
            <node />
        </paintNodes>
    </i3d>
    <settings>
        <availableModes>
            <mode>LOWER</mode>
            <mode>FLATTEN</mode>
            <mode>SMOOTH</mode>
        </availableModes>
        <availableDischargeModes>
            <mode>NORMAL</mode>
            <mode>RAISE</mode>
            <mode>FLATTEN</mode>
            <mode>SMOOTH</mode>
            <mode>PAINT</mode>
        </availableDischargeModes>
    </settings>
</configuration>