<?xml version="1.0" encoding="utf-8" standalone="no"?>
<configuration>
    <i3d rootNodePath="0>1" x="0" y="1.834" z="0.422">
        <terraformNodes x="0" y="0" z="0">
            <node x="-1.9" y="0.45" z="0" />
            <node x="-0.6" y="0.75" z="0" />
            <node x="0.6" y="0.75" z="0" />
            <node x="1.9" y="0.45" z="0" />
        </terraformNodes>
        <collisionNodes x="0" y="0" z="0.12">
            <node x="-1.9" y="0.65" z="0" />
            <node x="1.9" y="0.65" z="0" />
            <node x="1.9" y="-1.5" z="0.1" />
            <node x="-1.9" y="-1.5" z="0.1" />
        </collisionNodes>
        <paintNodes>
            <node />
        </paintNodes>
    </i3d>
    <settings>
        <availableModes>
            <mode>LOWER</mode>
            <mode>FLATTEN</mode>
            <mode>SMOOTH</mode>
        </availableModes>
        <availableDischargeModes>
            <mode>NORMAL</mode>
            <mode>RAISE</mode>
            <mode>FLATTEN</mode>
            <mode>SMOOTH</mode>
            <mode>PAINT</mode>
        </availableDischargeModes>
    </settings>
</configuration>