<?xml version="1.0" encoding="utf-8" standalone="no"?>
<configuration>
    <i3d rootNodePath="0>" x="0" y="0.1" z="1.3">
        <terraformNodes x="0" y="0" z="0">
            <node x="-0.55" y="0" z="0" />
            <node x="0" y="0" z="0" />
            <node x="0.55" y="0" z="0" />
        </terraformNodes>
        <collisionNodes x="0" y="0" z="0.35">
            <node x="-0.529" y="-0.12" z="0.174" />
            <node x="0.543" y="-0.12" z="0.174" />
            <node x="0.543" y="-0.4" z="-0.9" />
            <node x="-0.557" y="-0.4" z="-0.9" />
        </collisionNodes>
        <paintNodes>
            <node />
        </paintNodes>
    </i3d>
    <settings>
        <availableModes>
            <mode>LOWER</mode>
            <mode>FLATTEN</mode>
            <mode>SMOOTH</mode>
        </availableModes>
        <availableDischargeModes>
            <mode>NORMAL</mode>
            <mode>RAISE</mode>
            <mode>FLATTEN</mode>
            <mode>SMOOTH</mode>
            <mode>PAINT</mode>
        </availableDischargeModes>
    </settings>
</configuration>