<?xml version="1.0" encoding="utf-8" standalone="no"?>
<configuration>
    <i3d rootNodePath="0>" x="0" y="0.1" z="1.05">
        <terraformNodes x="0" y="0" z="0.2">
            <node x="-1.42" y="0" z="0" />
            <node x="-0.35" y="0" z="0" />
            <node x="0.35" y="0" z="0" />
            <node x="1.42" y="0" z="0" />
        </terraformNodes>
        <collisionNodes x="0" y="0.12" z="0.4">
            <node x="-1.42" y="0" z="0" />
            <node x="1.42" y="0" z="0" />
            <node x="1.42" y="-0.45" z="-0.98" />
            <node x="-1.42" y="-0.45" z="-0.98" />
        </collisionNodes>
        <paintNodes>
            <node />
        </paintNodes>
    </i3d>
    <settings>
        <availableModes>
            <mode>LOWER</mode>
            <mode>FLATTEN</mode>
            <mode>SMOOTH</mode>
        </availableModes>
        <availableDischargeModes>
            <mode>NORMAL</mode>
            <mode>RAISE</mode>
            <mode>FLATTEN</mode>
            <mode>SMOOTH</mode>
            <mode>PAINT</mode>
        </availableDischargeModes>
    </settings>
</configuration>