<?xml version="1.0" encoding="utf-8" standalone="no"?>
<configuration>
    <i3d rootNodePath="0>" x="0" y="0" z="0">
        <terraformNodes x="0" y="0" z="0.75">
            <node x="-1.2" y="0" z="0" />
            <node x="-0.45" y="0" z="0" />
            <node x="0.45" y="0" z="0" />
            <node x="1.2" y="0" z="0" />
        </terraformNodes>
        <collisionNodes x="0" y="-0.08" z="0">
            <node x="-1.2" y="0" z="0.85" />
            <node x="-1.2" y="0" z="-0.4" />
            <node x="1.2" y="0" z="0.85" />
            <node x="1.2" y="0" z="-0.4" />
        </collisionNodes>
        <paintNodes x="0" y="0" z="0">
            <node x="0" y="0" z="0" />
        </paintNodes>
    </i3d>
    <settings>
        <availableModes>
            <mode>LOWER</mode>
            <mode>FLATTEN</mode>
            <mode>SMOOTH</mode>
        </availableModes>
        <availableDischargeModes>
            <mode>NORMAL</mode>
            <mode>RAISE</mode>
            <mode>FLATTEN</mode>
            <mode>SMOOTH</mode>
            <mode>PAINT</mode>
        </availableDischargeModes>
        <volumeFillRatio>0.5</volumeFillRatio>
    </settings>
</configuration>