<!--
    FS22_Tool_ENGCON_Pack
    Dont have any equipment to test this one with yet
    The 918C doesn't load because of errors..
-->
<?xml version="1.0" encoding="utf-8" standalone="no"?>
<configuration>
    <i3d rootNodePath="0>1|0" x="0" y="-0.385" z="0.28">
        <terraformNodes x="0" y="0" z="0.2">
            <node x="-1.2" y="0" z="0" />
            <node x="-0.45" y="0" z="0" />
            <node x="0.45" y="0" z="0" />
            <node x="1.2" y="0" z="0" />
        </terraformNodes>
        <collisionNodes x="0" y="-0.12" z="0">
            <node x="-1.2" y="0" z="0.25" />
            <node x="1.2" y="0" z="0.25" />
            <node x="-1.2" y="0" z="-0.8" />
            <node x="1.2" y="0" z="-0.8" />
        </collisionNodes>
        <paintNodes>
            <node />
        </paintNodes>
    </i3d>
    <settings>
        <availableModes>
            <mode>LOWER</mode>
            <mode>FLATTEN</mode>
            <mode>SMOOTH</mode>
        </availableModes>
        <availableDischargeModes>
            <mode>NORMAL</mode>
            <mode>RAISE</mode>
            <mode>FLATTEN</mode>
            <mode>SMOOTH</mode>
            <mode>PAINT</mode>
        </availableDischargeModes>
    </settings>
</configuration>