<?xml version="1.0" encoding="utf-8" standalone="no"?>
<configuration>
    <i3d rootNodePath="1>" x="0" y="-0.25" z="1.2">
        <terraformNodes x="0" y="0" z="1.8">
            <node x="-1.3" y="0" z="0" />
            <node x="-0.4" y="0" z="0" />
            <node x="0.4" y="0" z="0" />
            <node x="1.3" y="0" z="0" />
        </terraformNodes>
        <collisionNodes x="0" y="0" z="0">
        </collisionNodes>
        <paintNodes x="0" y="0" z="1.4">
            <node x="0.6" y="0" z="0" />
            <node x="-0.6" y="0" z="0" />
        </paintNodes>
    </i3d>
    <settings>
        <terraformFlattenStrength>15.00</terraformFlattenStrength>
        <availableModes>
            <mode>FLATTEN</mode>
            <mode>SMOOTH</mode>
            <mode>PAINT</mode>
        </availableModes>
    </settings>
</configuration>