<?xml version="1.0" encoding="utf-8" standalone="no"?>
<modDesc descVersion="61">
    <author>scfmod</author>
    <version>0.3.5</version>
    <title>
        <en>TerraFarm</en>
    </title>
    <description>
        <en>
            <![CDATA[TerraFarm - The true landscaping experience]]>
        </en>
    </description>
    <iconFilename>store.dds</iconFilename>
    <multiplayer supported="true" />
    <extraSourceFiles>
        <sourceFile filename="script.lua" />
    </extraSourceFiles>
</modDesc>